,age,performance,y
0,32.81,-0.8854427213606808,0
1,30.63,7.828914457228613,0
2,20.88,-5.617808904452226,0
3,45.27,5.707853926963482,0
4,46.47,-0.2751375687843929,0
5,59.96,4.2471235617808905,1
6,39.68,-9.579789894947474,0
7,28.76,1.0655327663831908,1
8,52.88,-1.9059529764882441,0
9,49.87,-4.377188594297149,0
10,56.7,4.087043521760879,1
11,32.18,1.0955477738869437,1
12,32.64,-2.6763381690845423,0
13,26.49,7.018509254627315,0
14,30.96,4.837418709354678,0
15,54.62,8.499249624812407,0
16,27.03,3.5367683841920954,0
17,49.03,-6.80840420210105,0
18,49.26,2.366183091545773,1
19,49.31,6.17808904452226,0
20,44.24,4.017008504252125,1
21,31.15,-6.718359179589795,0
22,44.33,1.5557778889444727,1
23,33.78,-0.5852926463231611,0
24,28.06,-1.3056528264132066,0
25,59.81,9.459729864932466,1
26,32.31,-3.5967983991996,0
27,57.84,4.927463731865933,1
28,33.13,5.787893946973487,0
29,47.86,8.069034517258629,0
30,42.41,9.01950975487744,0
31,26.53,6.958479239619809,0
32,56.05,-8.619309654827413,0
33,46.78,3.006503251625812,1
34,20.02,3.6368184092046025,0
35,56.39,1.9959979989994991,1
36,48.74,5.767883941970984,1
37,35.04,0.8854427213606808,1
38,31.78,-6.6083041520760375,0
39,24.87,-6.5182591295647825,0
40,59.01,3.526763381690845,1
41,56.83,-3.7668834417208608,0
42,27.18,-1.7958979489744866,0
43,41.07,5.317658829414707,0
44,30.0,-5.867933966983492,0
45,23.0,2.146073036518258,0
46,49.7,-8.69934967483742,0
47,39.2,-5.397698849424713,0
48,25.52,4.72736368184092,0
49,44.12,-6.698349174587294,0
50,52.96,2.8664332166083035,1
51,30.31,3.826913456728363,0
52,19.03,-7.148574287143572,0
53,52.75,-0.2651325662831425,0
54,39.49,7.328664332166081,0
55,34.54,-7.828914457228614,0
56,59.16,-1.1855927963981987,0
57,55.06,-3.0465232616308153,0
58,19.7,5.447723861930966,0
59,56.81,-5.547773886943472,0
60,26.91,-2.606303151575788,0
61,58.78,3.2966483241620814,1
62,31.38,-0.4352176088044022,0
63,39.26,3.7868934467233615,0
64,44.77,-2.9564782391195603,0
65,33.11,-4.857428714357178,0
66,23.06,1.5357678839419702,1
67,31.66,-6.998499249624812,0
68,45.69,2.486243121560779,1
69,27.5,2.546273136568283,0
70,44.58,-2.7763881940970485,0
71,18.9,-6.788394197098549,0
72,43.93,7.998999499749875,0
73,44.49,-3.586793396698349,0
74,26.24,-2.4662331165582794,0
75,19.97,-0.8654327163581801,0
76,51.89,4.4072036018009,1
77,26.26,-8.87943971985993,0
78,43.17,0.19509754877438645,1
79,40.84,-2.0760380190095047,0
80,44.89,2.016008004002,1
81,37.75,9.789894947473737,0
82,36.53,5.1375687843921956,0
83,46.2,-5.377688844422211,0
84,58.07,4.347173586793396,1
85,25.0,5.437718859429715,0
86,19.01,-1.9759879939969984,0
87,51.7,9.729864932466231,0
88,50.69,-2.4062031015507754,0
89,38.42,4.047023511755878,1
90,43.4,-1.0955477738869437,0
91,29.56,0.37518759379689826,1
92,28.8,3.586793396698349,0
93,35.12,-8.88944472236118,0
94,38.78,-7.8389194597298655,0
95,34.75,-4.517258629314657,0
96,35.65,-9.159579789894947,0
97,46.93,1.6758379189594788,1
98,31.24,-4.807403701850926,0
99,39.37,8.769384692346172,0
100,54.68,-3.3866933466733364,0
101,41.43,3.036518259129565,1
102,35.8,7.898949474737368,0
103,50.99,2.076038019009504,1
104,54.22,7.568784392196097,1
105,50.08,-7.718859429714858,0
106,55.1,-7.75887943971986,0
107,26.43,2.026013006503252,1
108,54.5,7.878939469734867,1
109,57.1,0.2051025512756368,1
110,35.56,-2.79639819909955,0
111,42.96,4.007003501750875,1
112,32.1,-2.756378189094548,0
113,24.39,4.057028514257128,0
114,20.77,7.578789394697349,0
115,41.89,1.9559779889944977,1
116,50.84,-0.7553776888444226,0
117,30.67,-0.24512256128064003,0
118,48.23,-8.86943471735868,0
119,39.87,0.41520760380190147,1
120,58.47,-6.818409204602301,0
121,47.94,9.859929964982491,0
122,55.88,-1.075537768884443,0
123,54.58,-8.369184592296149,0
124,31.11,-3.8169084542271134,0
125,52.23,-4.88744372186093,0
126,44.96,-1.5157578789394694,0
127,21.17,3.946973486743371,0
128,53.8,-0.855427713856928,0
129,45.8,-5.52776388194097,0
130,31.89,4.507253626813407,0
131,46.22,-3.8569284642321167,0
132,48.84,-2.6863431715857935,0
133,45.59,-3.5767883941970986,0
134,38.34,5.807903951975987,0
135,46.13,8.10905452726363,0
136,56.3,-7.218609304652326,0
137,25.29,-2.546273136568284,0
138,29.39,-9.939969984992496,0
139,35.59,-5.907953976988495,0
140,39.28,-0.9154577288644319,0
141,24.16,-0.5752876438219108,0
142,47.1,5.277638819409704,1
143,18.8,-4.907453726863432,0
144,19.09,7.59879939969985,0
145,47.41,1.7658829414707355,1
146,33.97,-8.779389694847424,0
147,23.86,-0.32516258129064646,0
148,52.44,3.5667833916958482,1
149,39.39,0.46523261630815327,1
150,59.54,1.2156078039019498,1
151,24.89,0.24512256128064003,1
152,48.57,0.17508754377188573,1
153,18.67,-0.4952476238119061,0
154,54.2,-3.9369684842421213,0
155,30.23,-6.15807903951976,0
156,21.11,-7.858929464732366,0
157,45.73,5.267633816908454,0
158,31.07,8.459229614807402,0
159,38.63,-0.2551275637818904,0
160,32.52,-6.338169084542271,0
161,32.29,-3.706853426713357,0
162,48.32,-1.8459229614807402,0
163,37.31,0.5952976488244115,1
164,20.48,1.6958479239619813,0
165,54.29,-0.6853426713356683,0
166,21.45,1.1555777888944476,1
167,49.05,8.519259629814908,0
168,25.31,-4.727363681840921,0
169,49.47,-6.768384192096049,0
170,30.88,4.227113556778388,0
171,51.68,-6.388194097048524,0
172,54.96,9.799899949974986,1
173,29.18,-5.777888944472236,0
174,51.95,-4.787393696848424,0
175,42.67,5.127563781890945,1
176,21.28,-3.806903451725863,0
177,22.54,-5.557778889444722,0
178,54.26,1.2856428214107058,1
179,48.53,9.149574787393696,0
180,31.17,8.349174587293646,0
181,43.91,-1.0255127563781894,0
182,56.64,2.0360180090045024,1
183,28.46,-0.21510755377688895,0
184,38.55,-8.519259629814908,0
185,28.34,4.327163581790895,0
186,27.48,-0.4052026013006511,0
187,25.23,-9.709854927463732,0
188,40.15,2.386193096548274,1
189,22.6,7.448724362181089,0
190,29.37,4.767383691845923,0
191,47.37,8.309154577288645,0
192,55.19,-0.3351675837918968,0
193,19.85,9.639819909954976,0
194,39.03,-2.6163081540770383,0
195,59.52,2.5262631315657824,1
196,43.8,9.939969984992494,0
197,32.75,9.759879939969984,0
198,35.54,-3.776888444222111,0
199,27.58,9.819909954977486,0
200,43.44,-1.775887943971986,0
201,20.46,-1.6158079039519766,0
202,37.46,-9.309654827413707,0
203,26.36,9.53976988494247,0
204,54.35,-5.217608804402201,0
205,49.43,-5.737868934467234,0
206,55.13,8.229114557278638,1
207,49.68,-7.7788894447223615,0
208,21.72,9.389694847423712,0
209,59.98,2.8864432216108042,1
210,23.99,-5.407703851925963,0
211,28.13,-4.2471235617808905,0
212,37.69,-7.358679339669835,0
213,42.16,-4.447223611805903,0
214,49.94,0.7453726863431704,1
215,38.93,4.367183591795898,0
216,31.47,8.439219609804901,0
217,46.83,-1.2456228114057026,0
218,24.26,-4.817408704352176,0
219,36.41,1.9059529764882441,1
220,33.86,-2.2461230615307652,0
221,24.98,-1.2856428214107058,0
222,58.89,5.357678839419709,1
223,56.22,1.5157578789394694,1
224,49.1,5.477738869434717,1
225,41.51,-7.278639319659829,0
226,55.65,-2.3861930965482747,0
227,29.87,-5.857928964482241,0
228,58.28,7.0985492746373176,1
229,30.84,3.0265132566283146,0
230,59.58,6.14807403701851,1
231,21.68,-6.438219109554778,0
232,23.63,0.30515257628814396,1
233,40.44,-6.658329164582291,0
234,32.67,6.2081040520260125,0
235,18.38,5.1075537768884445,0
236,29.07,9.599799899949975,0
237,40.59,-9.21960980490245,0
238,56.26,-0.6653326663331676,0
239,20.06,-0.9954977488744383,0
240,46.57,3.256628314157078,1
241,31.61,-1.225612806403202,0
242,22.37,1.2756378189094537,1
243,36.62,-5.897948974487243,0
244,25.5,7.358679339669834,0
245,56.28,-7.568784392196099,0
246,49.73,0.13506753376688252,1
247,30.04,-0.03501750875437715,0
248,29.14,9.919959979989994,0
249,19.58,-9.569784892446224,0
250,43.95,5.51775887943972,0
251,29.64,6.7883941970985475,0
252,34.05,-9.069534767383692,0
253,47.06,5.607803901950975,0
254,44.14,5.027513756878438,0
255,26.8,-8.149074537268634,0
256,55.97,-5.757878939469735,0
257,21.55,-4.417208604302151,0
258,51.83,8.049024512256128,0
259,37.08,6.888444222111055,0
260,42.44,-3.8269134567283647,0
261,47.46,1.105552776388194,1
262,28.36,0.8654327163581783,1
263,48.0,-5.5377688844422215,0
264,27.2,6.5182591295647825,0
265,20.96,7.7088544272136055,0
266,45.71,-8.509254627313657,0
267,21.03,0.23511755877938967,1
268,21.0,-1.8259129564782395,0
269,49.62,-7.268634317158579,0
270,31.93,-1.1155577788894444,0
271,53.51,-0.28514257128564324,0
272,37.18,0.9554777388694351,1
273,49.66,7.548774387193596,0
274,59.26,9.70985492746373,1
275,21.89,5.5077538769384695,0
276,40.75,-4.337168584292146,0
277,39.51,-4.567283641820911,0
278,43.86,5.677838919459729,0
279,41.59,8.679339669834917,0
280,46.32,-1.2956478239119562,0
281,48.05,8.849424712356178,1
282,29.01,-2.3761880940470235,0
283,31.3,6.188094047023512,0
284,42.71,8.839419709854926,0
285,21.87,2.726363181590795,0
286,57.79,0.045022511255627506,1
287,40.42,7.648824412206103,0
288,52.14,8.879439719859928,0
289,31.53,-0.7153576788394194,0
290,40.61,-7.708854427213607,0
291,34.62,-6.9784892446223115,0
292,22.22,6.548274137068535,0
293,37.41,-0.6953476738369186,0
294,28.44,-2.5662831415707856,0
295,26.89,-1.5257628814407198,0
296,24.45,4.527263631815908,0
297,33.23,-2.146073036518259,0
298,30.19,6.7983991995998,0
299,20.67,-8.08904452226113,0
300,58.76,1.9459729864932456,1
301,25.82,3.626813406703352,0
302,35.5,3.866933466733366,0
303,55.38,-9.009504752376188,0
304,28.3,-4.957478739369685,0
305,45.17,7.41870935467734,0
306,28.69,-9.099549774887445,0
307,48.68,-4.537268634317159,0
308,33.8,-5.1075537768884445,0
309,46.72,5.20760380190095,1
310,35.4,-4.137068534267134,0
311,33.53,6.4282141070535275,0
312,47.98,8.779389694847424,0
313,36.45,-9.699849924962482,0
314,49.77,1.5457728864432205,1
315,23.13,9.48974487243622,0
316,40.48,0.06503251625812823,1
317,24.22,-8.499249624812407,0
318,41.7,0.2751375687843911,1
319,31.28,0.5852926463231611,1
320,41.91,3.2666333166583286,1
321,50.15,-0.6353176588294147,0
322,46.99,2.476238119059529,1
323,59.92,-8.329164582291146,0
324,56.95,-0.7953976988494258,0
325,22.77,-1.2356178089044523,0
326,44.1,-6.758379189594797,0
327,39.89,3.556778389194596,0
328,53.21,0.6953476738369186,1
329,42.73,3.0765382691345664,1
330,53.93,-5.597798899449725,0
331,41.03,2.7963981990995492,1
332,46.7,3.1065532766383193,1
333,26.55,2.3161580790395195,0
334,59.62,6.128064032016006,1
335,35.44,-7.9289644822411205,0
336,36.22,-2.5262631315657833,0
337,34.64,2.5662831415707856,1
338,48.47,9.39969984992496,0
339,47.33,7.3986993496748354,0
340,39.58,-7.818909454727364,0
341,52.6,0.21510755377688895,1
342,33.51,-6.4882441220610305,0
343,33.76,8.88944472236118,0
344,33.48,-9.759879939969984,0
345,29.2,5.567783891945972,0
346,24.18,-6.348174087043522,0
347,39.22,2.696348174087044,1
348,31.45,-8.929464732366183,0
349,21.82,4.0970485242621315,0
350,53.7,-1.6658329164582302,0
351,36.97,5.237618809404703,0
352,39.64,-5.327663831915958,0
353,19.55,-5.087543771885943,0
354,56.66,-2.5062531265632817,0
355,19.62,3.92696348174087,0
356,22.39,-8.839419709854928,0
357,40.02,8.299149574787393,0
358,45.57,-5.457728864432216,0
359,24.85,-4.117058529264632,0
360,46.53,7.298649324662332,0
361,33.04,-3.526763381690846,0
362,36.87,2.5062531265632817,1
363,40.5,4.557278639319659,0
364,56.49,7.848924462231114,1
365,59.83,-9.859929964982491,0
366,44.37,-7.498749374687344,0
367,19.6,0.1150575287643818,1
368,46.09,0.48524262131065576,1
369,56.58,7.698849424712357,1
370,18.21,3.1465732866433207,0
371,36.36,0.47523761880940363,1
372,38.8,8.08904452226113,0
373,31.95,-6.048024012006003,0
374,32.48,4.517258629314657,0
375,39.05,-3.28664332166083,0
376,48.07,8.629314657328663,1
377,50.73,-2.186093046523262,0
378,27.22,-6.2081040520260125,0
379,59.6,-0.5152576288144068,0
380,50.25,-4.1570785392696346,0
381,18.71,-0.08504252126063072,0
382,45.21,8.179089544772385,1
383,35.08,-3.5167583791895947,0
384,33.67,-7.648824412206103,0
385,53.44,4.137068534267133,1
386,23.57,-5.957978989494747,0
387,29.85,8.819409704852426,0
388,54.6,-4.2171085542771385,0
389,51.57,-8.589294647323662,0
390,59.1,4.217108554277138,1
391,28.67,-9.929964982491246,0
392,56.76,-8.439219609804903,0
393,56.32,-0.7353676838419219,0
394,39.83,1.4557278639319655,1
395,39.45,3.6068034017008497,0
396,20.69,9.749874937468732,0
397,43.34,0.005002501250624292,1
398,59.29,7.478739369684842,1
399,49.96,-6.288144072036018,0
400,46.55,4.757378689344671,1
401,43.49,-7.878939469734867,0
402,44.28,6.6983491745872925,0
403,36.64,-4.607303651825913,0
404,36.49,9.549774887443721,0
405,31.49,-6.268134067033516,0
406,30.29,2.2761380690345163,1
407,28.59,-0.525262631315659,0
408,31.55,7.198599299649825,0
409,27.92,-1.315657828914457,0
410,29.83,-5.947973986993497,0
411,47.9,-1.7858929464732363,0
412,30.54,5.737868934467233,0
413,30.8,-5.067533766883442,0
414,22.27,-9.449724862431216,0
415,23.11,-3.226613306653327,0
416,45.99,6.258129064532266,1
417,32.96,-3.7868934467233615,0
418,29.45,0.5252626313156572,1
419,25.92,-8.969484742371186,0
420,37.79,1.2456228114057026,1
421,56.47,4.077038519259629,1
422,27.33,-2.5962981490745376,0
423,28.82,-2.3561780890445227,0
424,58.8,2.3761880940470235,1
425,35.92,-3.256628314157079,0
426,36.91,-8.539269634817408,0
427,33.42,3.7268634317158575,0
428,30.17,-1.3856928464232112,0
429,45.46,0.5352676338169076,1
430,20.82,2.1660830415207606,0
431,23.34,2.606303151575787,0
432,39.81,7.728864432216106,0
433,52.48,8.72936468234117,0
434,39.56,-8.979489744872437,0
435,18.4,-2.026013006503252,0
436,36.66,-2.696348174087044,0
437,28.61,6.01800900450225,0
438,46.26,7.558779389694848,0
439,42.5,-2.846423211605803,0
440,34.7,-9.739869934967484,0
441,25.94,-0.025012506253126787,0
442,20.71,-8.169084542271136,0
443,25.02,-8.919459729864933,0
444,51.09,-9.479739869934967,0
445,42.52,8.369184592296147,0
446,39.33,7.078539269634817,0
447,21.61,6.908454227113555,0
448,55.84,-6.778389194597299,0
449,20.73,1.1355677838919451,1
450,32.08,3.156578289144571,0
451,21.91,-8.429214607303653,0
452,38.65,-0.46523261630815504,0
453,42.2,-6.848424212106053,0
454,24.03,-9.549774887443721,0
455,35.98,4.257128564282141,0
456,26.15,-5.447723861930966,0
457,44.91,-9.239619809904953,0
458,55.59,6.688344172086044,1
459,56.89,-4.55727863931966,0
460,37.98,-1.5557778889444727,0
461,40.88,-9.829914957478739,0
462,37.12,-9.67983991995998,0
463,40.57,1.4457228614307152,1
464,53.02,-4.007003501750876,0
465,43.51,-8.319159579789895,0
466,50.19,-5.977988994497249,0
467,55.34,3.1965982991495743,1
468,19.07,-8.959479739869934,0
469,48.21,1.4757378689344662,1
470,56.43,-8.279139569784892,0
471,42.9,10.0,0
472,41.32,9.339669834917459,0
473,47.67,4.467233616808404,1
474,35.42,7.28864432216108,0
475,50.42,-6.198099049524762,0
476,46.87,9.21960980490245,0
477,27.37,-1.4457228614307152,0
478,44.94,-2.416208104052026,0
479,21.4,-0.6753376688344179,0
480,52.33,-7.868934467233617,0
481,28.17,-9.369684842421211,0
482,59.87,-4.797398699349675,0
483,28.99,0.855427713856928,1
484,57.54,6.718359179589793,1
485,39.24,4.857428714357178,0
486,48.26,4.387193596798399,1
487,42.54,8.919459729864933,0
488,58.59,1.8159079539769873,1
489,53.53,2.916458229114557,1
490,58.21,6.878439219609806,1
491,52.54,8.569284642321161,1
492,40.25,-6.128064032016008,0
493,22.43,-4.477238619309655,0
494,37.58,7.808904452226113,0
495,49.2,1.9159579789894945,1
496,45.23,-4.687343671835918,0
497,44.41,2.576288144072036,1
498,40.38,-3.346673336668334,0
499,30.59,-7.0685342671335665,0
500,56.85,-2.726363181590796,0
501,54.56,5.067533766883441,1
502,49.85,-6.678339169584793,0
503,40.23,-8.24912456228114,0
504,44.45,-2.1560780390195102,0
505,25.86,-7.9589794897448725,0
506,48.89,-8.259129564782391,0
507,29.05,-9.129564782391196,0
508,54.92,3.646823411705853,1
509,32.85,-4.4972486243121566,0
510,39.41,8.159079539769884,0
511,34.77,4.7973986993496744,0
512,58.11,-2.216108054027014,0
513,39.43,-2.086043021510756,0
514,50.4,-4.967483741870936,0
515,49.39,1.7958979489744866,1
516,58.95,6.028014007003502,1
517,31.34,-8.119059529764883,0
518,48.95,-5.877938969484743,0
519,49.12,5.057528764382191,1
520,37.37,8.429214607303653,0
521,39.54,-1.9459729864932473,0
522,33.69,4.297148574287144,0
523,48.15,-6.868434217108554,0
524,27.87,-7.288644322161081,0
525,54.41,-4.697348674337169,0
526,50.71,8.339169584792394,0
527,54.83,-3.0165082541270634,0
528,51.2,-0.5952976488244133,0
529,44.64,2.4062031015507745,1
530,22.2,2.306153076538269,0
531,30.71,6.278139069534767,0
532,31.7,-1.1555777888944476,0
533,51.53,7.958979489744873,1
534,25.33,-2.4762381190595297,0
535,48.63,3.6168084042021,1
536,58.7,-0.1850925462731361,0
537,54.77,-1.7358679339669845,0
538,34.49,-4.827413706853427,0
539,39.07,4.607303651825912,0
540,56.03,-8.55927963981991,0
541,56.34,-4.547273636818409,0
542,53.49,6.068034017008504,1
543,26.61,-4.667333666833417,0
544,31.85,6.358179089544773,0
545,59.45,-3.126563281640821,0
546,54.54,-3.5667833916958482,0
547,43.15,-3.1765882941470736,0
548,34.56,-9.889944972486242,0
549,43.55,-4.747373686843422,0
550,55.0,5.727863931965983,1
551,44.81,-9.499749874937468,0
552,50.82,-3.096548274137069,0
553,36.85,9.949974987493746,0
554,56.09,0.7153576788394194,1
555,27.01,-1.7658829414707355,0
556,57.71,1.865932966483241,1
557,18.17,8.319159579789893,0
558,19.05,-1.3556778389194601,0
559,27.96,-5.187593796898449,0
560,37.04,9.04952476238119,0
561,32.12,0.9854927463731862,1
562,22.98,7.428714357178588,0
563,18.69,-8.649324662331166,0
564,18.59,-5.237618809404703,0
565,51.99,-4.587293646823412,0
566,32.71,4.957478739369684,0
567,56.68,6.088044022011005,1
568,42.31,6.648324162081039,0
569,51.81,-3.7968984492246127,0
570,53.68,3.166583291645823,1
571,30.1,5.977988994497249,0
572,20.21,8.589294647323662,0
573,40.94,9.439719859929966,0
574,50.46,-8.269134567283642,0
575,56.11,6.098049024512257,1
576,36.13,6.768384192096047,0
577,44.03,-3.6068034017008506,0
578,34.3,5.907953976988495,0
579,59.47,5.937968984492246,1
580,20.4,-0.09504752376188108,0
581,46.3,9.059529764882441,0
582,49.83,-5.587793896948474,0
583,41.72,1.3756878439219609,1
584,44.6,9.769884942471236,0
585,26.01,-3.866933466733367,0
586,54.12,-1.6458229114557277,0
587,49.18,-6.4582291145572785,0
588,22.56,3.4267133566783397,0
589,48.34,-4.057028514257128,0
590,22.01,7.9289644822411205,0
591,28.72,2.976488244122061,0
592,38.21,7.668834417208604,0
593,42.56,-1.7458729364682348,0
594,39.6,-2.206103051525763,0
595,53.61,6.48824412206103,1
596,52.16,5.157578789394696,1
597,49.14,4.537268634317158,1
598,46.64,3.4567283641820907,1
599,56.62,-6.038019009504753,0
600,22.73,9.66983491745873,0
601,52.5,-0.1150575287643818,0
602,51.97,-4.507253626813407,0
603,54.85,9.929964982491246,1
604,21.26,8.4192096048024,0
605,25.69,-8.40920460230115,0
606,18.11,4.397198599299649,0
607,50.78,-9.719859929964983,0
608,41.41,-2.486243121560781,0
609,33.21,9.409704852426213,0
610,41.13,5.247623811905953,0
611,21.57,0.9954977488744365,1
612,31.05,-0.8454227113556776,0
613,41.8,3.216608304152075,1
614,18.99,4.7373686843421705,0
615,43.99,-2.736368184092046,0
616,27.6,-9.51975987993997,0
617,42.88,6.318159079539768,0
618,43.74,-4.347173586793397,0
619,39.93,-5.9679839919959985,0
620,20.44,4.487243621810904,0
621,38.76,1.625812906453227,1
622,21.7,-6.418209104552276,0
623,51.15,-3.196598299149575,0
624,34.03,-5.637818909454728,0
625,29.6,9.319659829914958,0
626,46.03,-8.769384692346174,0
627,26.95,-7.808904452226113,0
628,31.22,-0.9054527263631815,0
629,29.98,5.167583791895948,0
630,25.21,-8.819409704852426,0
631,59.2,-5.787893946973487,0
632,22.81,4.287143571785892,0
633,33.09,-8.019009504752376,0
634,45.48,-9.52976488244122,0
635,31.19,-8.909454727363682,0
636,35.77,-9.66983491745873,0
637,32.27,-0.5052526263131565,0
638,19.91,-2.9864932466233123,0
639,48.02,-2.8964482241120564,0
640,37.67,-8.099049524762382,0
641,30.73,-3.926963481740871,0
642,44.26,-5.83791895947974,0
643,24.93,-6.938469234617308,0
644,59.05,-7.618809404702351,0
645,50.57,-6.47823911955978,0
646,52.06,-6.228114057028515,0
647,25.25,9.009504752376188,0
648,36.28,-9.489744872436217,0
649,39.3,2.9564782391195585,1
650,47.48,5.2876438219109545,0
651,22.06,4.23711855927964,0
652,34.72,8.26913456728364,0
653,18.44,-6.408204102051025,0
654,37.14,-4.87743871935968,0
655,23.38,-4.047023511755878,0
656,23.25,-9.079539769884942,0
657,48.55,5.007503751875937,1
658,48.82,-4.107053526763382,0
659,30.02,-6.108054027013507,0
660,35.84,-5.017508754377189,0
661,25.84,4.637318659329665,0
662,42.08,8.129064532266131,0
663,57.42,6.32816408204102,1
664,35.27,-3.646823411705853,0
665,56.41,1.3656828414207105,1
666,51.32,1.005502751375687,1
667,41.11,0.6753376688344161,1
668,38.28,-7.558779389694847,0
669,32.37,-8.07903951975988,0
670,56.87,4.667333666833416,1
671,48.91,6.268134067033515,1
672,18.27,-8.049024512256128,0
673,52.39,8.539269634817408,0
674,37.96,5.52776388194097,0
675,36.43,-8.109054527263632,0
676,50.94,-5.917958979489745,0
677,52.04,1.0255127563781894,1
678,18.32,1.6058029014507245,0
679,28.65,-9.98999499749875,0
680,50.92,-4.1270635317658835,0
681,20.35,-3.626813406703352,0
682,27.75,-5.607803901950976,0
683,58.34,-0.005002501250626068,0
684,32.16,7.088544272136069,0
685,54.87,5.757878939469734,1
686,49.58,-0.1350675337668843,0
687,47.96,-3.6968484242121065,0
688,30.77,-2.3461730865432715,0
689,45.06,6.248124062031014,0
690,55.52,-9.329664832416208,0
691,21.97,2.32616308154077,0
692,19.32,9.299649824912457,0
693,30.12,1.5257628814407198,1
694,41.45,0.40520260130064933,1
695,30.52,6.408204102051027,0
696,23.36,-8.629314657328663,0
697,36.93,-8.129064532266133,0
698,58.99,4.787393696848424,1
699,41.99,1.805902951475737,1
700,58.57,6.19809904952476,1
701,35.1,-6.668334167083541,0
702,54.89,-5.35767883941971,0
703,22.35,3.43671835917959,0
704,37.77,-7.168584292146074,0
705,41.38,1.0355177588794398,1
706,34.39,0.5052526263131565,1
707,34.96,7.508754377188595,0
708,40.82,3.246623311655828,1
709,48.11,3.316658329164582,1
710,58.61,9.229614807403703,1
711,59.94,-6.9484742371185595,0
712,32.25,4.027013506753375,0
713,26.45,-6.898449224612307,0
714,46.74,9.37968984492246,1
715,37.01,-1.3256628314157073,0
716,22.48,-2.326163081540771,0
717,40.99,9.84992496248124,0
718,37.62,-4.39719859929965,0
719,32.39,-4.637318659329665,0
720,39.7,3.9169584792396197,0
721,33.02,8.139069534767383,0
722,36.3,-1.8059029514757388,0
723,38.59,-6.168084042021011,0
724,47.79,4.4972486243121566,1
725,41.2,7.918959479739868,0
726,18.78,7.458729364682341,0
727,54.66,-8.039019509754878,0
728,51.03,-0.19509754877438823,0
729,47.6,7.858929464732366,0
730,52.71,-9.789894947473737,0
731,55.82,-2.5562781390695353,0
732,38.09,9.559779889944974,0
733,47.81,8.719359679839918,0
734,36.95,6.778389194597299,0
735,49.89,-1.565782891445723,0
736,52.98,8.119059529764883,0
737,35.96,-5.68784392196098,0
738,48.61,7.768884442221111,1
739,36.68,7.408704352176088,0
740,36.76,-9.849924962481241,0
741,40.08,9.959979989994999,0
742,55.5,-1.8559279639819906,0
743,28.0,8.969484742371186,0
744,26.59,-5.727863931965983,0
745,27.77,3.0165082541270625,0
746,31.32,3.5467733866933457,0
747,37.64,-0.5652826413206604,0
748,20.79,9.679839919959978,0
749,20.33,1.255627813906953,1
750,57.96,4.2771385692846415,1
751,49.6,-1.4357178589294648,0
752,28.63,6.398199099549775,0
753,49.91,3.9969984992496244,1
754,44.54,-5.817908954477239,0
755,36.09,9.499749874937468,0
756,29.51,2.9264632316158075,0
757,54.52,5.557778889444721,1
758,22.52,-3.4167083541770884,0
759,52.1,-8.069034517258629,0
760,44.07,8.409204602301148,0
761,28.11,-8.759379689844923,0
762,53.57,9.699849924962482,1
763,57.48,7.658829414707352,1
764,47.02,0.10505252626313144,1
765,43.67,-7.43871935967984,0
766,36.7,-0.17508754377188573,0
767,27.81,4.477238619309654,0
768,23.23,3.5067533766883443,0
769,55.78,5.5977988994497245,1
770,36.78,-1.135567783891947,0
771,50.04,-7.538769384692346,0
772,53.65,-0.44522261130565255,0
773,34.83,-2.0460230115057527,0
774,44.05,-5.807903951975988,0
775,41.49,-1.9159579789894945,0
776,35.9,-6.838419209604803,0
777,45.1,-6.528264132066033,0
778,40.31,4.697348674337167,0
779,19.51,9.119559779889943,0
780,35.06,2.7463731865932957,1
781,43.09,0.14507253626813466,1
782,44.66,7.218609304652325,0
783,33.74,-6.588294147073537,0
784,59.43,2.176088044022011,1
785,43.02,7.178589294647324,0
786,40.86,-6.558279139569785,0
787,27.1,-3.836918459229615,0
788,28.25,8.639319659829916,0
789,27.98,-0.8154077038519265,0
790,46.11,-0.2051025512756386,0
791,40.36,-9.109554777388695,0
792,26.13,5.617808904452225,0
793,19.95,6.228114057028513,0
794,21.32,5.327663831915958,0
795,30.35,4.177088544272136,0
796,49.64,-1.1455727863931973,0
797,23.02,1.745872936468233,1
798,38.15,2.206103051525762,1
799,34.2,6.538269134567283,0
800,21.36,0.4352176088044022,1
801,43.38,-7.368684342171086,0
802,21.07,-0.9754877438719358,0
803,41.28,-2.5862931465732872,0
804,47.83,-4.427213606803402,0
805,27.64,-7.158579289644822,0
806,36.05,-4.317158579289645,0
807,35.71,-5.647823911955978,0
808,30.61,-3.316658329164582,0
809,32.35,5.177588794397199,0
810,26.85,3.4467233616808404,0
811,42.77,9.189594797398698,0
812,43.11,3.8569284642321158,1
813,45.29,1.5857928964482237,1
814,29.72,4.677338669334667,0
815,19.76,-9.029514757378688,0
816,46.76,-8.23911955977989,0
817,18.86,2.0660330165082534,0
818,44.39,0.28514257128564324,1
819,48.86,-9.459729864932466,0
820,53.76,0.6653326663331658,1
821,23.29,3.276638319159579,0
822,23.04,6.97848924462231,0
823,19.22,1.0555277638819405,1
824,42.35,-1.5857928964482237,0
825,52.46,-4.197098549274638,0
826,42.14,8.389194597298648,0
827,29.53,6.158079039519759,0
828,44.47,-4.86743371685843,0
829,35.23,8.55927963981991,0
830,27.14,7.628814407203603,0
831,54.39,-9.969984992496249,0
832,51.66,3.2066033016508246,1
833,27.9,1.165582791395698,1
834,52.9,-7.938969484742371,0
835,40.54,9.029514757378688,0
836,40.63,-9.649824912456229,0
837,50.55,3.706853426713357,1
838,40.06,2.3561780890445227,1
839,33.61,-5.5077538769384695,0
840,40.19,-3.036518259129565,0
841,51.3,-5.267633816908455,0
842,55.92,6.658329164582291,1
843,47.31,3.4767383691845914,1
844,53.05,-1.625812906453227,0
845,25.14,9.649824912456229,0
846,32.98,6.448224112056028,0
847,24.64,7.948974487243621,0
848,19.74,-1.6758379189594805,0
849,27.41,-6.568284142071036,0
850,46.43,4.867433716858429,0
851,53.47,2.2861430715357667,1
852,35.0,-1.9859929964982488,0
853,21.42,-4.947473736868434,0
854,51.26,0.6253126563281644,1
855,45.9,-3.27663831915958,0
856,50.67,4.71735867933967,1
857,48.4,4.547273636818408,1
858,53.72,0.35517758879439754,1
859,59.39,6.478239119559781,1
860,51.93,0.16508254127063537,1
861,44.75,-4.737368684342171,0
862,25.44,-0.37518759379689826,0
863,57.63,0.15507753876938501,1
864,32.94,-4.6173086543271635,0
865,48.93,4.597298649324662,1
866,51.62,8.289144572286144,1
867,38.57,1.7558779389694852,1
868,39.12,-7.678839419709854,0
869,32.92,-2.516258129064532,0
870,36.47,-2.9664832416208107,0
871,23.53,9.159579789894948,0
872,23.17,1.4857428714357184,1
873,50.65,-2.576288144072036,0
874,59.18,-5.297648824412207,0
875,37.5,-4.777388694347174,0
876,21.05,-5.367683841920961,0
877,36.34,-3.3966983491745877,0
878,37.94,9.089544772386194,0
879,55.48,5.397698849424712,1
880,30.56,-4.307153576788394,0
881,56.97,6.138069034517258,1
882,24.58,-0.39519759879940075,0
883,22.71,-7.3786893446723365,0
884,40.92,2.706353176588294,1
885,52.29,-7.038519259629815,0
886,57.92,-1.2656328164082051,0
887,45.82,-9.599799899949975,0
888,48.38,-3.5467733866933466,0
889,26.22,2.3461730865432706,0
890,59.85,7.538769384692344,1
891,55.23,1.1255627813906948,1
892,33.46,8.54927463731866,0
893,48.97,3.986993496748374,1
894,26.32,-8.189094547273637,0
895,56.55,3.676838419209604,1
896,47.52,3.7468734367183583,1
897,50.34,6.558279139569784,0
898,22.33,0.6053026513256619,1
899,58.0,-3.246623311655828,0
900,20.84,-6.888444222111056,0
901,50.06,-7.10855427713857,0
902,45.19,2.9964982491245618,1
903,27.16,-9.049524762381191,0
904,38.07,1.2056028014006994,1
905,41.97,-2.63631815907954,0
906,56.79,-9.229614807403703,0
907,38.46,-2.176088044022011,0
908,34.28,9.619809904952476,0
909,42.83,-9.319659829914958,0
910,49.49,0.015007503751876428,1
911,23.74,5.427713856928463,0
912,24.01,2.7763881940970485,0
913,26.07,-5.137568784392196,0
914,28.84,-9.659829914957479,0
915,60.0,5.417708854427213,1
916,48.78,-9.639819909954978,0
917,57.31,2.6163081540770374,1
918,27.62,9.129564782391196,0
919,51.07,0.9154577288644319,1
920,20.61,-4.027013506753377,0
921,19.72,-8.179089544772387,0
922,47.44,7.5287643821910955,0
923,59.12,9.469734867433715,1
924,49.35,0.4552276138069029,1
925,42.27,-8.229114557278638,0
926,25.46,-3.0865432716358185,0
927,59.33,3.066533266633316,1
928,32.88,-1.0555277638819405,0
929,50.17,-8.599299649824912,0
930,54.31,-9.19959979989995,0
931,51.45,0.44522261130565255,1
932,42.98,-3.9969984992496252,0
933,29.62,6.008004002001002,0
934,59.73,-1.8659329664832427,0
935,32.41,-8.009004502251125,0
936,20.9,-6.078039019509755,0
937,45.44,-4.997498749374688,0
938,31.82,4.967483741870936,0
939,53.15,1.3956978489244616,1
940,47.54,6.938469234617308,0
941,23.08,-5.057528764382191,0
942,57.39,1.3256628314157073,1
943,18.04,-4.71735867933967,0
944,45.15,-0.9654827413706855,0
945,48.17,8.509254627313656,0
946,44.73,-4.657328664332166,0
947,58.03,1.595797898949474,1
948,19.64,-7.4687343671835915,0
949,56.72,1.2356178089044523,1
950,52.42,-7.998999499749875,0
951,40.69,0.2951475737868936,1
952,53.17,-3.376688344172086,0
953,31.87,4.437218609304653,0
954,28.09,2.1360680340170077,0
955,22.18,4.357178589294646,0
956,29.22,-3.306653326663332,0
957,22.24,3.186593296648324,0
958,38.23,-3.9769884942471236,0
959,30.4,2.4962481240620313,0
960,55.99,-6.748374187093547,0
961,19.16,-5.6578289144572285,0
962,31.4,1.565782891445723,1
963,38.25,3.1165582791395696,1
964,35.63,-8.989494747373687,0
965,54.98,-1.3356678339169594,0
966,57.21,-5.767883941970986,0
967,37.35,2.0060030015007495,1
968,41.74,5.7478739369684835,0
969,51.51,-9.949974987493746,0
970,27.27,-8.209104552276138,0
971,58.38,6.578289144572285,1
972,59.79,-3.7568784392196104,0
973,29.35,-2.0160080040020016,0
974,36.99,-1.0855427713856933,0
975,27.08,-6.63831915957979,0
976,38.53,1.6358179089544773,1
977,26.38,6.738369184592294,0
978,25.37,8.979489744872435,0
979,34.14,0.8054027013506744,1
980,18.13,2.396198099049524,0
981,20.12,2.946473236618308,0
982,58.51,4.707353676838419,1
983,46.62,6.418209104552275,0
984,49.52,5.897948974487242,0
985,37.9,1.7358679339669827,1
986,35.67,6.63831915957979,0
987,55.46,-7.0085042521260625,0
988,52.63,7.938969484742369,1
989,48.36,-7.188594297148574,0
990,26.17,-4.287143571785893,0
991,44.01,0.9654827413706855,1
992,29.32,0.3251625812906447,1
993,54.64,-2.6263131565782896,0
994,57.35,-8.739369684842421,0
995,53.11,-4.707353676838419,0
996,57.73,7.738869434717358,1
997,26.11,-2.116058029014508,0
998,45.33,3.7668834417208608,1
999,49.37,-1.965982991495748,0
1000,38.91,-3.4567283641820916,0
1001,49.45,-2.5362681340670337,0
1002,53.55,9.969984992496247,0
1003,53.59,-2.396198099049525,0
1004,29.79,1.6658329164582284,1
1005,41.64,-9.249624812406203,0
1006,19.43,-4.457228614307153,0
1007,18.74,-7.628814407203602,0
1008,30.33,-7.418709354677339,0
1009,52.79,9.989994997498748,1
1010,51.85,1.8959479739869938,1
1011,57.16,-7.798899449724862,0
1012,25.42,-2.426213106553277,0
1013,22.62,-6.30815407703852,0
1014,50.31,0.5452726363181579,1
1015,55.86,-2.2261130565282645,0
1016,43.21,8.21910955477739,0
1017,19.26,6.61830915457729,0
1018,42.1,-2.336168084042021,0
1019,54.05,-4.147073536768384,0
1020,53.09,-6.148074037018509,0
1021,42.29,-6.018009004502251,0
1022,26.74,-1.415707853926964,0
1023,45.78,-3.0765382691345673,0
1024,55.63,-7.698849424712357,0
1025,21.93,-3.3566783391695854,0
1026,23.97,9.249624812406203,0
1027,22.85,-3.0565282641320666,0
1028,20.19,5.667833916958479,0
1029,40.9,-5.007503751875938,0
1030,23.76,-6.95847923961981,0
1031,38.82,9.239619809904951,0
1032,51.47,6.338169084542269,1
1033,19.93,8.199099549774886,0
1034,21.15,8.829414707353678,0
1035,20.23,7.348674337168585,0
1036,20.56,-4.5272636318159085,0
1037,32.58,6.988494247123562,0
1038,48.7,9.579789894947474,0
1039,20.04,6.66833416708354,0
1040,58.72,0.055027513756877866,1
1041,22.41,-7.088544272136068,0
1042,57.65,-8.529264632316158,0
1043,44.68,5.797898949474737,0
1044,53.99,2.9864932466233114,1
1045,52.31,4.947473736868433,1
1046,30.82,2.1060530265132567,1
1047,38.86,4.8274137068534255,0
1048,59.14,4.657328664332166,1
1049,47.14,0.8154077038519265,1
1050,33.93,5.487743871935967,0
1051,33.17,-2.7163581790895446,0
1052,25.08,6.048024012006003,0
1053,48.99,2.766383191595798,1
1054,52.84,-1.9259629814907449,0
1055,48.44,1.8359179589794898,1
1056,38.67,-7.328664332166083,0
1057,28.57,6.218109054527265,0
1058,47.39,-7.138569284642321,0
1059,30.46,-9.869934967483742,0
1060,37.29,7.678839419709856,0
1061,18.42,-6.028014007003502,0
1062,34.87,-7.398699349674837,0
1063,51.28,-9.909954977488745,0
1064,27.79,-6.738369184592296,0
1065,22.64,0.3151575787893943,1
1066,38.0,-5.927963981990995,0
1067,18.55,-6.598299149574787,0
1068,45.96,-2.8764382191095548,0
1069,24.05,-9.899949974987495,0
1070,19.34,6.038019009504751,0
1071,37.33,1.8559279639819906,1
1072,29.95,-1.8359179589794898,0
1073,54.47,-6.618309154577289,0
1074,40.33,-1.3956978489244634,0
1075,19.39,0.5152576288144068,1
1076,54.94,-0.15507753876938501,0
1077,39.14,-4.937468734367184,0
1078,24.32,1.505752876438219,1
1079,27.66,3.956978489244621,0
1080,21.59,1.405702851425712,0
1081,51.36,-1.935967983991997,0
1082,55.36,-1.6058029014507262,0
1083,51.24,-6.0580290145072535,0
1084,26.03,-9.559779889944972,0
1085,35.31,0.615307653826914,1
1086,58.53,-5.9379689844922465,0
1087,39.79,-8.789394697348675,0
1088,36.59,-2.1360680340170086,0
1089,23.19,-1.595797898949474,0
1090,46.85,-4.387193596798399,0
1091,27.31,-7.018509254627314,0
1092,42.02,-8.4192096048024,0
1093,38.36,-0.8754377188594304,0
1094,52.69,-3.7268634317158584,0
1095,55.71,4.1870935467733865,1
1096,52.21,-9.609804902451225,0
1097,54.24,3.8169084542271126,1
1098,25.58,3.8469234617308654,0
1099,23.32,-7.578789394697349,0
1100,21.84,7.968984492246122,0
1101,48.72,-5.51775887943972,0
1102,19.83,4.577288644322161,0
1103,56.2,-0.3451725862931472,0
1104,18.76,-7.338669334667333,0
1105,45.5,-9.409704852426213,0
1106,44.62,-5.0775387693846925,0
1107,18.65,-2.946473236618309,0
1108,49.54,0.12506253126563216,1
1109,58.55,5.717858929464732,1
1110,23.61,4.41720860430215,0
1111,37.48,3.1765882941470736,0
1112,18.95,-4.177088544272136,0
1113,27.45,-7.198599299649825,0
1114,19.28,3.496748374187094,0
1115,25.48,9.079539769884942,0
1116,38.44,-4.467233616808405,0
1117,58.32,5.947973986993496,1
1118,25.67,9.809904952476238,0
1119,21.34,-7.978989494747374,0
1120,47.12,-4.277138569284642,0
1121,43.59,8.3991995997999,0
1122,28.21,-2.0960480240120063,0
1123,56.53,7.30865432716358,1
1124,57.52,7.148574287143571,1
1125,34.01,7.138569284642319,0
1126,30.98,-2.1060530265132567,0
1127,34.45,-3.186593296648324,0
1128,22.87,2.4462231115557778,0
1129,34.98,-0.8954477238619312,0
1130,53.23,-2.9364682341170587,0
1131,54.08,5.637818909454728,1
1132,33.0,-2.306153076538269,0
1133,50.13,2.5862931465732864,1
1134,55.25,7.268634317158579,1
1135,40.04,-3.6668334167083545,0
1136,53.63,1.8259129564782395,1
1137,40.1,4.777388694347174,0
1138,34.6,2.266133066533266,1
1139,52.86,-8.939469734867433,0
1140,32.14,0.945472736368183,1
1141,57.58,-3.8469234617308654,0
1142,44.85,8.939469734867433,0
1143,57.67,5.03751875937969,1
1144,58.4,-2.1660830415207606,0
1145,51.05,7.258629314657327,1
1146,27.52,1.3556778389194601,1
1147,31.01,-6.728364182091045,0
1148,50.86,-6.468234117058529,0
1149,19.18,-8.799399699849925,0
1150,31.64,-6.258129064532266,0
1151,28.19,-6.068034017008504,0
1152,58.42,-7.258629314657329,0
1153,26.51,-2.456228114057029,0
1154,25.35,9.86993496748374,0
1155,44.35,5.827913956978488,0
1156,41.36,6.628314157078538,0
1157,47.2,-5.707853926963482,0
1158,42.37,3.6668334167083536,1
1159,18.92,-2.6463231615807903,0
1160,55.57,-8.859429714857429,0
1161,36.26,-0.3651825912956479,0
1162,45.02,-2.706353176588294,0
1163,35.35,-5.0475237618809405,0
1164,59.41,1.4357178589294648,1
1165,34.91,7.638819409704851,0
1166,29.03,4.987493746873437,0
1167,26.97,-6.358179089544772,0
1168,31.76,4.6473236618309155,0
1169,24.2,-1.505752876438219,0
1170,42.46,8.57928964482241,0
1171,33.32,-5.987993996998499,0
1172,46.6,7.188594297148573,0
1173,32.33,-2.1260630315157583,0
1174,50.48,0.5652826413206604,1
1175,52.65,-4.577288644322161,0
1176,41.17,1.315657828914457,1
1177,19.45,3.736868434217108,0
1178,41.66,4.197098549274637,1
1179,21.09,0.7353676838419201,1
1180,35.61,-1.8959479739869938,0
1181,56.6,-6.908454227113557,0
1182,18.02,-0.6253126563281644,0
1183,57.0,-9.419709854927463,0
1184,34.66,-8.70935467733867,0
1185,33.59,-5.577788894447224,0
1186,35.82,9.899949974987493,0
1187,29.41,-0.055027513756877866,0
1188,37.52,9.889944972486244,0
1189,19.79,8.749374687343671,0
1190,19.49,0.025012506253126787,1
1191,44.22,-0.41520760380190147,0
1192,53.74,9.279639819909953,1
1193,41.78,-7.91895947973987,0
1194,31.36,-1.0055027513756887,0
1195,26.28,-6.498249124562282,0
1196,19.47,4.617308654327163,0
1197,53.07,-0.045022511255627506,0
1198,20.94,5.867933966983491,0
1199,55.4,3.7568784392196086,1
1200,34.18,-2.4962481240620313,0
1201,40.46,4.207103551775887,1
1202,28.51,3.896948474237119,0
1203,33.44,9.68984492246123,0
1204,29.11,8.209104552276138,0
1205,58.13,5.577788894447224,1
1206,26.87,1.7058529264632316,1
1207,18.53,-4.627313656828415,0
1208,41.57,-0.12506253126563394,0
1209,22.03,8.099049524762382,0
1210,36.03,-9.17958979489745,0
1211,59.66,4.117058529264632,1
1212,46.05,7.368684342171086,1
1213,44.87,5.117558779389695,1
1214,30.94,2.3361680840420203,1
1215,31.91,7.818909454727365,0
1216,35.86,9.659829914957477,0
1217,47.18,5.587793896948474,0
1218,42.23,6.808404202101052,0
1219,36.8,1.1455727863931955,1
1220,36.07,-9.149574787393696,0
1221,26.68,-9.619809904952476,0
1222,47.92,4.807403701850925,1
1223,40.21,-8.609304652326163,0
1224,27.06,1.2956478239119562,1
1225,22.14,-9.819909954977488,0
1226,30.92,2.1860930465232613,1
1227,40.71,6.858429214607302,0
1228,28.48,-4.167083541770886,0
1229,21.24,6.348174087043521,0
1230,55.27,-1.015507753876939,0
1231,41.34,0.42521260630315183,1
1232,41.26,8.259129564782391,0
1233,40.65,-10.0,0
1234,54.79,-3.8769384692346174,0
1235,46.81,-9.83991995997999,0
1236,46.07,-2.766383191595798,0
1237,57.04,-3.4767383691845923,0
1238,40.96,-5.697848924462232,0
1239,34.43,9.569784892446222,0
1240,23.65,5.817908954477238,0
1241,32.54,-5.147573786893447,0
1242,37.71,7.038519259629815,0
1243,56.07,4.267133566783391,1
1244,40.73,6.118059029514757,0
1245,56.51,9.449724862431214,1
1246,43.84,-6.508254127063532,0
1247,33.06,-1.4257128564282144,0
1248,33.88,0.6553276638319154,1
1249,51.18,-7.848924462231116,0
1250,37.85,-9.919959979989995,0
1251,52.92,-1.5757878939469734,0
1252,42.25,8.759379689844923,0
1253,47.75,8.789394697348673,0
1254,38.61,7.978989494747374,0
1255,27.12,0.26513256628314075,1
1256,50.9,-7.90895447723862,0
1257,43.23,-6.218109054527264,0
1258,46.15,-7.688844422211106,0
1259,26.57,-1.1955977988994508,0
1260,29.68,7.608804402201098,0
1261,23.69,-8.029014507253628,0
1262,23.5,-1.4957478739369687,0
1263,44.2,9.629814907453728,0
1264,37.2,-9.50975487743872,0
1265,21.13,2.4662331165582785,0
1266,53.86,4.107053526763382,1
1267,21.99,-6.31815907953977,0
1268,35.17,3.406703351675837,0
1269,36.24,-7.5287643821910955,0
1270,57.81,-1.535767883941972,0
1271,45.88,-9.749874937468734,0
1272,31.68,-7.968984492246124,0
1273,57.94,6.30815407703852,1
1274,24.7,3.306653326663332,0
1275,33.19,-4.357178589294647,0
1276,41.53,3.886943471735867,1
1277,41.22,-8.72936468234117,0
1278,45.63,-7.988994497248624,0
1279,28.02,2.63631815907954,0
1280,24.6,0.6453226613306651,1
1281,35.33,-3.5367683841920963,0
1282,47.04,-6.538269134567283,0
1283,58.91,-5.157578789394697,0
1284,50.52,7.488744372186094,1
1285,54.37,9.329664832416206,1
1286,24.3,-8.489244622311155,0
1287,25.4,-2.236118059029515,0
1288,26.47,3.6868434217108543,0
1289,28.04,1.0755377688844412,1
1290,23.95,-1.1755877938969483,0
1291,49.33,6.108054027013505,1
1292,56.24,7.46873436718359,1
1293,53.4,-5.03751875937969,0
1294,38.4,-6.688344172086043,0
1295,48.13,5.227613806903451,1
1296,58.05,-8.459229614807404,0
1297,18.23,3.226613306653327,0
1298,20.58,-9.059529764882441,0
1299,56.91,5.187593796898449,1
1300,20.54,-8.71935967983992,0
1301,59.22,-8.639319659829916,0
1302,43.76,-2.4362181090545274,0
1303,39.77,-6.138069034517258,0
1304,30.86,-4.597298649324663,0
1305,58.24,-9.289644822411205,0
1306,49.16,-1.8159079539769891,0
1307,32.6,2.1260630315157574,1
1308,45.65,4.3371685842921455,1
1309,23.78,-0.705352676338169,0
1310,57.06,4.4272136068034005,1
1311,19.3,0.395197598799399,1
1312,30.38,7.758879439719859,0
1313,21.76,-0.35517758879439754,0
1314,24.81,1.195597798899449,1
1315,33.34,-1.3756878439219609,0
1316,59.5,-5.387693846923462,0
1317,20.29,6.2981490745372675,0
1318,52.52,-1.2156078039019516,0
1319,43.42,0.9054527263631815,1
1320,40.17,-4.0670335167583795,0
1321,19.89,-3.2966483241620814,0
1322,28.93,6.838419209604801,0
1323,18.63,4.997498749374687,0
1324,45.86,-1.4657328664332177,0
1325,35.14,7.158579289644823,0
1326,35.38,1.015507753876939,1
1327,25.71,4.937468734367183,0
1328,28.27,5.6578289144572285,0
1329,24.11,8.899449724862432,0
1330,59.37,2.456228114057028,1
1331,55.8,-8.999499749874937,0
1332,35.52,-4.407203601800901,0
1333,25.9,-0.8254127063531769,0
1334,22.9,-2.3161580790395195,0
1335,19.68,6.168084042021011,0
1336,56.16,-6.278139069534768,0
1337,35.25,4.627313656828413,0
1338,42.81,-0.9254627313656822,0
1339,58.87,4.917458729364682,1
1340,29.09,-8.749374687343671,0
1341,22.83,-0.48524262131065576,0
1342,55.76,3.5967983991995993,1
1343,51.6,0.7853926963481737,1
1344,40.29,-2.7463731865932965,0
1345,31.57,8.73936968484242,0
1346,21.66,-0.5452726363181597,0
1347,33.27,6.99849924962481,0
1348,54.75,-7.318659329664833,0
1349,24.37,0.4952476238119061,1
1350,41.3,-7.6088044022011,0
1351,20.42,2.9064532266133067,0
1352,42.39,-3.746873436718359,0
1353,46.28,9.309654827413706,0
1354,49.28,3.6968484242121065,1
1355,40.8,0.07503751875937859,1
1356,26.3,6.568284142071036,0
1357,50.38,-9.399699849924962,0
1358,53.38,-0.2251125562781393,0
1359,37.88,-1.6358179089544773,0
1360,50.44,-0.3851925962981486,0
1361,31.97,5.497748874437217,0
1362,49.01,1.225612806403202,1
1363,43.04,-3.686843421710855,0
1364,20.92,2.8064032016007996,0
1365,24.47,5.927963981990995,0
1366,35.75,-2.1960980490245126,0
1367,38.17,8.489244622311155,0
1368,37.92,-6.298149074537269,0
1369,58.49,6.468234117058529,1
1370,57.37,-5.717858929464732,0
1371,57.44,2.2561280640320156,1
1372,24.43,-3.2066033016508255,0
1373,35.94,-1.4557278639319655,0
1374,51.34,-4.6473236618309155,0
1375,57.77,3.346673336668333,1
1376,23.67,8.949474737368682,0
1377,51.64,1.1755877938969483,1
1378,39.35,8.169084542271136,0
1379,44.56,1.4657328664332159,1
1380,49.07,-4.267133566783392,0
1381,57.86,-3.406703351675838,0
1382,32.77,-7.238619309654828,0
1383,45.12,6.748374187093546,0
1384,21.78,-5.797898949474737,0
1385,53.28,5.877938969484742,1
1386,34.09,8.019009504752376,0
1387,43.72,4.89744872436218,1
1388,40.52,-2.296148074037019,0
1389,25.63,-9.809904952476238,0
1390,47.29,5.457728864432216,0
1391,47.25,8.23911955977989,0
1392,57.6,-8.159079539769884,0
1393,49.98,7.6188094047023505,1
1394,43.57,-8.809404702351175,0
1395,29.47,-2.9964982491245626,0
1396,52.81,9.259629814907452,1
1397,39.66,-5.337668834417209,0
1398,38.51,8.70935467733867,0
1399,21.63,-9.349674837418709,0
1400,33.99,-1.0655327663831926,0
1401,37.06,-8.219109554777388,0
1402,51.74,2.8964482241120564,1
1403,34.12,-8.899449724862432,0
1404,22.45,-5.487743871935968,0
1405,47.56,-9.339669834917459,0
1406,52.02,-3.9669834917458733,0
1407,26.76,1.3856928464232112,1
1408,20.27,0.8754377188594287,1
1409,51.41,9.879939969984992,0
1410,44.43,-4.257128564282141,0
1411,32.06,3.5167583791895947,0
1412,25.96,1.4257128564282144,1
1413,30.44,-4.767383691845923,0
1414,45.94,-6.7983991995998,0
1415,22.66,-1.685842921460731,0
1416,38.97,-2.276138069034517,0
1417,42.33,7.588794397198598,0
1418,52.37,2.786393196598299,1
1419,38.04,-5.417708854427214,0
1420,55.04,-2.8064032016008005,0
1421,54.45,2.416208104052025,1
1422,41.62,6.368184092046022,0
1423,19.13,-1.8859429714857434,0
1424,58.66,8.649324662331164,1
1425,22.58,6.928464232116056,0
1426,23.82,-9.389694847423712,0
1427,36.38,0.33516758379189504,1
1428,31.8,-7.048524262131066,0
1429,48.42,-1.715857928964482,0
1430,28.32,7.208604302151073,0
1431,31.74,-4.987493746873437,0
1432,32.22,-1.475737868934468,0
1433,33.3,-3.156578289144573,0
1434,43.46,-8.3991995997999,0
1435,55.73,-5.207603801900951,0
1436,59.31,4.447223611805903,1
1437,34.26,-5.127563781890945,0
1438,21.3,-0.5352676338169093,0
1439,35.21,9.609804902451224,0
1440,36.32,9.52976488244122,0
1441,45.04,-5.66783391695848,0
1442,57.27,-9.169584792396199,0
1443,26.34,6.898449224612307,0
1444,42.18,-3.656828414207104,0
1445,37.22,-8.309154577288645,0
1446,29.77,-3.9469734867433717,0
1447,27.24,-6.988494247123562,0
1448,45.4,-7.59879939969985,0
1449,34.58,6.058029014507252,0
1450,53.34,3.376688344172086,1
1451,50.8,5.297648824412205,1
1452,37.16,6.458229114557277,0
1453,47.71,-3.2366183091545775,0
1454,24.53,7.7988994497248605,0
1455,18.19,-5.347673836918459,0
1456,39.96,1.685842921460731,1
1457,18.36,4.147073536768383,0
1458,53.89,-2.916458229114557,0
1459,29.7,-7.3486743371685845,0
1460,19.81,8.68934467233617,0
1461,32.79,7.12856428214107,0
1462,54.16,-7.588794397198599,0
1463,41.95,0.1850925462731361,1
1464,23.92,3.12656328164082,0
1465,58.19,-5.6278139069534765,0
1466,49.22,-5.747873936968484,0
1467,34.93,5.1975987993996995,0
1468,22.31,-0.5552776388194101,0
1469,38.84,-1.2056028014007012,0
1470,44.98,9.17958979489745,0
1471,23.15,-6.648324162081041,0
1472,21.19,-7.728864432216108,0
1473,38.19,-9.379689844922462,0
1474,36.89,3.5767883941970986,0
1475,51.72,2.846423211605803,1
1476,54.43,2.0960480240120063,1
1477,35.73,2.2261130565282645,1
1478,57.5,-3.676838419209605,0
1479,37.1,-5.247623811905953,0
1480,34.16,5.627813906953476,0
1481,47.65,-0.7453726863431722,0
1482,38.38,6.3881940970485225,0
1483,46.36,-4.207103551775888,0
1484,32.46,0.9354677338669326,1
1485,45.75,-0.015007503751876428,0
1486,39.85,-8.359179589794898,0
1487,32.9,-1.875937968984493,0
1488,18.82,9.50975487743872,0
1489,18.97,9.589794897448723,0
1490,26.93,-7.548774387193597,0
1491,37.73,-3.896948474237119,0
1492,52.18,-9.2096048024012,0
1493,27.94,-3.1465732866433216,0
1494,23.84,-1.4857428714357184,0
1495,24.09,-6.238119059529765,0
1496,53.0,9.519759879939969,1
1497,31.09,-6.62831415707854,0
1498,54.14,-5.167583791895948,0
1499,32.5,-0.7853926963481737,0
1500,23.4,-2.9264632316158083,0
1501,46.01,-6.178089044522261,0
1502,52.08,5.957978989494746,1
1503,36.17,5.017508754377188,0
1504,22.92,-3.716858429214607,0
1505,30.75,-6.32816408204102,0
1506,21.51,-9.629814907453726,0
1507,51.43,2.056028014007003,1
1508,52.58,2.2461230615307652,1
1509,20.25,-2.856428214107054,0
1510,58.3,-9.469734867433717,0
1511,36.2,5.99799899949975,0
1512,27.69,-8.289144572286144,0
1513,39.62,6.678339169584792,0
1514,43.36,8.859429714857427,0
1515,26.19,-0.9454727363681847,0
1516,32.62,-2.8364182091045524,0
1517,49.75,3.9669834917458733,1
1518,30.27,-4.757378689344672,0
1519,18.0,2.8364182091045524,0
1520,57.75,-1.9559779889944977,0
1521,51.76,-6.098049024512257,0
1522,26.66,3.6568284142071033,0
1523,33.82,-6.188094047023512,0
1524,29.26,8.329164582291146,0
1525,22.16,-5.027513756878439,0
1526,42.75,4.907453726863432,0
1527,48.09,-7.638819409704853,0
1528,55.02,7.888944472236119,0
1529,21.47,8.449224612306153,0
1530,23.27,6.438219109554776,0
1531,53.97,1.7858929464732363,1
1532,48.28,-5.427713856928464,0
1533,24.49,0.2251125562781393,1
1534,54.81,3.466733366683341,1
1535,53.26,-8.339169584792396,0
1536,50.1,0.8354177088544272,1
1537,43.32,7.77888944472236,0
1538,27.54,2.7363681840920453,0
1539,32.73,-5.467733866933467,0
1540,43.63,-5.4777388694347176,0
1541,33.84,-8.669334667333667,0
1542,34.68,2.426213106553277,1
1543,52.35,1.6458229114557277,1
1544,52.77,-9.729864932466233,0
1545,51.13,-3.066533266633317,0
1546,29.93,-7.12856428214107,0
1547,37.6,8.249124562281139,0
1548,36.11,8.929464732366181,0
1549,24.28,4.457228614307153,0
1550,24.14,-1.3656828414207105,0
1551,38.88,-3.166583291645823,0
1552,37.81,-7.518759379689845,0
1553,43.65,4.877438719359679,0
1554,29.74,-5.287643821910955,0
1555,55.15,-6.968484242121061,0
1556,54.33,-5.437718859429715,0
1557,47.16,-8.689344672336167,0
1558,48.3,-0.6453226613306651,0
1559,57.98,-5.177588794397199,0
1560,30.14,-7.448724362181091,0
1561,31.59,4.977488744372186,0
1562,21.38,0.3851925962981486,1
1563,22.69,-7.178589294647324,0
1564,18.57,-7.658829414707354,0
1565,25.1,-9.35967983991996,0
1566,52.25,-4.927463731865933,0
1567,34.89,-0.4552276138069029,0
1568,32.83,5.69784892446223,0
1569,37.25,-2.976488244122061,0
1570,37.83,-4.6773386693346675,0
1571,18.88,9.35967983991996,0
1572,52.73,-1.165582791395698,0
1573,49.56,-5.2276138069034515,0
1574,46.95,6.728364182091045,0
1575,59.71,-6.378189094547274,0
1576,45.25,9.9799899949975,0
1577,38.13,-4.297148574287144,0
1578,29.43,9.479739869934967,0
1579,40.27,2.756378189094548,1
1580,19.37,-9.119559779889945,0
1581,56.93,6.868434217108554,1
1582,18.34,-0.9354677338669344,0
1583,19.24,-7.488744372186093,0
1584,38.49,8.999499749874936,0
1585,18.25,-3.4467233616808404,0
1586,34.81,-6.008004002001001,0
1587,55.67,0.6353176588294147,1
1588,26.7,-1.255627813906953,0
1589,33.63,2.296148074037019,1
1590,57.14,-7.458729364682341,0
1591,20.08,-7.788894447223612,0
1592,37.43,8.039019509754876,0
1593,54.03,0.705352676338169,1
1594,25.75,5.147573786893446,0
1595,38.95,8.609304652326163,0
1596,43.25,6.8184092046023,0
1597,26.78,-8.38919459729865,0
1598,25.65,5.377688844422211,0
1599,47.69,-6.398199099549775,0
1600,55.29,-7.208604302151075,0
1601,24.24,-4.07703851925963,0
1602,43.97,-6.858429214607304,0
1603,34.41,9.429714857428714,0
1604,33.15,8.149074537268636,0
1605,58.74,6.378189094547274,1
1606,50.36,6.50825412706353,0
1607,42.65,-7.768884442221111,0
1608,47.08,8.799399699849925,0
1609,34.37,5.777888944472236,0
1610,39.91,1.1855927963981987,1
1611,54.71,-6.708354177088545,0
1612,59.08,-4.977488744372186,0
1613,21.49,9.739869934967484,0
1614,27.85,-1.3456728364182098,0
1615,46.68,-4.23711855927964,0
1616,45.36,-1.2756378189094555,0
1617,52.67,-7.11855927963982,0
1618,26.99,-7.408704352176088,0
1619,33.38,-0.42521260630315183,0
1620,26.05,2.6463231615807903,0
1621,25.54,5.407703851925962,0
1622,59.35,1.8459229614807402,1
1623,36.01,-8.479239619809904,0
1624,50.61,7.278639319659831,1
1625,28.9,1.3356678339169576,1
1626,18.29,-1.0455227613806901,0
1627,47.27,8.529264632316156,0
1628,29.49,4.687343671835917,0
1629,29.3,0.7553776888444226,1
1630,28.42,-9.879939969984992,0
1631,39.16,-0.10505252626313144,0
1632,55.61,1.8759379689844913,1
1633,58.45,-9.089544772386192,0
1634,23.9,-2.816408204102051,0
1635,43.88,-7.058529264632316,0
1636,39.09,2.81640820410205,1
1637,55.17,3.0465232616308153,1
1638,30.65,-8.579289644822412,0
1639,50.29,-3.5067533766883443,0
1640,27.43,-9.799899949974987,0
1641,42.12,0.08504252126063072,1
1642,48.65,7.688844422211105,0
1643,57.18,-9.019509754877438,0
1644,55.69,5.987993996998499,1
1645,18.06,9.829914957478739,0
1646,43.53,-5.117558779389695,0
1647,33.9,5.367683841920961,0
1648,19.87,-3.1365682841420712,0
1649,44.7,1.6158079039519748,1
1650,51.87,-0.14507253626813466,0
1651,36.72,8.619309654827415,0
1652,50.63,5.347673836918458,1
1653,24.07,2.5962981490745367,0
1654,56.18,3.796898449224612,1
1655,35.48,-9.269634817408704,0
1656,40.78,0.7253626813406697,1
1657,53.91,2.7163581790895446,1
1658,31.03,-3.3666833416708357,0
1659,20.98,-0.7753876938469233,0
1660,20.52,-6.4282141070535275,0
1661,57.88,-7.298649324662332,0
1662,41.93,-0.4752376188094054,0
1663,25.06,1.965982991495748,0
1664,22.75,6.9184592296148075,0
1665,58.15,5.887943971985992,1
1666,23.42,8.279139569784892,0
1667,33.36,-9.589794897448725,0
1668,19.53,4.8874437218609295,0
1669,43.82,2.9664832416208107,1
1670,29.28,8.189094547273637,0
1671,48.49,-9.769884942471236,0
1672,20.86,4.167083541770886,0
1673,55.44,0.2551275637818904,1
1674,48.19,5.547773886943471,1
1675,25.77,7.90895447723862,0
1676,34.85,4.377188594297149,0
1677,36.57,9.19959979989995,0
1678,42.86,-4.22711355677839,0
1679,45.08,-3.216608304152076,0
1680,36.51,6.848424212106053,0
1681,50.0,3.336668334167083,1
1682,59.75,3.8769384692346165,1
1683,18.48,6.6083041520760375,0
1684,47.77,-7.888944472236118,0
1685,56.74,3.3266633316658325,1
1686,35.02,9.169584792396197,0
1687,44.79,-8.299149574787394,0
1688,34.07,-3.616808404202101,0
1689,42.62,-4.08704352176088,0
1690,45.42,-3.466733366683342,0
1691,20.0,4.307153576788394,0
1692,45.38,-5.257628814407203,0
1693,58.26,1.345672836418208,1
1694,24.51,7.338669334667333,0
1695,29.81,-7.388694347173587,0
1696,33.72,5.307653826913457,0
1697,24.68,5.087543771885942,0
1698,47.58,-2.0660330165082543,0
1699,40.4,6.498249124562282,0
1700,29.16,-3.8869434717358677,0
1701,28.55,7.0085042521260625,0
1702,24.91,-7.8989494747373685,0
1703,41.68,-0.615307653826914,0
1704,59.64,-9.539769884942471,0
1705,50.23,1.9359679839919952,1
1706,25.04,-3.3266633316658334,0
1707,18.84,5.2176088044022,0
1708,50.97,3.716858429214607,1
1709,28.78,-2.2861430715357685,0
1710,30.42,1.7258629314657323,1
1711,34.35,1.775887943971986,1
1712,40.67,7.068534267133565,0
1713,59.89,9.349674837418707,1
1714,38.02,-3.736868434217109,0
1715,23.21,3.806903451725862,0
1716,30.08,-8.659329664832416,0
1717,25.19,-5.497748874437219,0
1718,42.58,8.86943471735868,0
1719,48.51,8.059029514757377,0
1720,28.86,-2.666333166583292,0
1721,38.32,5.647823911955978,0
1722,53.13,8.699349674837418,1
1723,47.73,7.228614307153578,0
1724,32.69,1.715857928964482,1
1725,25.56,9.419709854927465,0
1726,36.55,7.718859429714858,0
1727,42.79,-3.986993496748374,0
1728,50.5,2.826413206603302,1
1729,41.15,0.8254127063531769,1
1730,22.08,3.0865432716358168,0
1731,27.29,1.5757878939469734,1
1732,28.4,8.90945472736368,0
1733,29.66,9.139569784892444,0
1734,59.77,2.5562781390695353,1
1735,53.78,-2.366183091545773,0
1736,57.29,3.9769884942471236,1
1737,24.41,7.248624312156078,0
1738,58.97,-0.3151575787893943,0
1739,50.59,-6.878439219609805,0
1740,23.88,-0.07503751875938036,0
1741,19.41,-2.6563281640820415,0
1742,45.84,-4.837418709354678,0
1743,23.59,-3.956978489244623,0
1744,43.28,-9.1895947973987,0
1745,29.24,8.959479739869934,0
1746,45.61,7.988994497248623,0
1747,31.72,5.6878439219609795,0
1748,43.0,-2.056028014007004,0
1749,51.39,-7.308654327163582,0
1750,26.09,-4.897448724362182,0
1751,45.54,-7.248624312156078,0
1752,22.12,-2.0060030015007504,0
1753,30.48,-9.279639819909955,0
1754,28.74,5.467733866933466,0
1755,39.01,-5.097548774387194,0
1756,20.5,0.5752876438219108,1
1757,45.52,5.0475237618809405,1
1758,54.18,6.708354177088545,1
1759,38.72,-3.6368184092046025,0
1760,42.92,9.099549774887443,0
1761,50.76,-4.847423711855928,0
1762,58.93,6.288144072036019,1
1763,58.82,8.669334667333665,1
1764,18.08,-1.0355177588794398,0
1765,38.7,1.9259629814907449,1
1766,24.62,8.469234617308654,0
1767,33.65,-6.0880440220110055,0
1768,57.69,-8.469234617308654,0
1769,58.36,-2.4462231115557778,0
1770,44.18,8.59929964982491,0
1771,46.24,-5.5677838919459735,0
1772,32.43,6.968484242121061,0
1773,46.51,3.3566783391695836,1
1774,25.88,-0.2951475737868936,0
1775,30.21,-2.8664332166083044,0
1776,44.31,-8.199099549774887,0
1777,33.57,8.079039519759878,0
1778,41.05,6.588294147073537,0
1779,29.89,2.936468234117058,0
1780,41.55,2.6563281640820406,1
1781,57.46,3.486743371685842,1
1782,24.79,0.795397698849424,1
1783,46.49,7.43871935967984,1
1784,55.94,-1.1255627813906948,0
1785,38.99,5.917958979489745,0
1786,59.24,-5.307653826913457,0
1787,26.72,-2.7863931965982998,0
1788,31.43,8.659329664832416,0
1789,25.98,-2.886443221610806,0
1790,44.83,2.6763381690845414,1
1791,31.99,9.03951975987994,0
1792,59.68,-3.3366683341670837,0
1793,28.38,-5.847923961980991,0
1794,50.88,2.0460230115057527,1
1795,53.42,0.09504752376188108,1
1796,45.92,9.779889944972485,0
1797,46.91,2.086043021510754,1
1798,39.18,-6.448224112056028,0
1799,30.25,-6.9184592296148075,0
1800,20.65,-8.139069534767383,0
1801,23.48,0.6853426713356683,1
1802,20.63,6.94847423711856,0
1803,46.66,1.4157078539269623,1
1804,54.1,8.359179589794898,1
1805,37.54,3.396698349174587,0
1806,36.74,7.388694347173587,0
1807,41.09,-7.228614307153577,0
1808,33.4,-4.367183591795898,0
1809,55.31,9.209604802401198,0
1810,28.15,-1.655827913956978,0
1811,40.12,-7.098549274637319,0
1812,52.94,9.83991995997999,1
1813,48.76,7.7488744372186105,0
1814,53.19,-9.9799899949975,0
1815,27.56,-4.437218609304653,0
1816,44.16,-0.7253626813406697,0
1817,41.87,8.989494747373687,0
1818,57.12,-8.949474737368684,0
1819,57.08,7.8389194597298655,1
1820,46.45,2.4362181090545274,1
1821,26.4,-8.449224612306153,0
1822,52.56,-1.7258629314657323,0
1823,24.74,6.238119059529765,0
1824,26.64,-3.496748374187094,0
1825,41.01,-4.1870935467733865,0
1826,51.22,-3.4867433716858427,0
1827,25.61,-1.6958479239619813,0
1828,27.39,7.238619309654826,0
1829,51.49,-1.7058529264632316,0
1830,19.66,-3.43671835917959,0
1831,22.96,-8.379189594797399,0
1832,55.21,-4.487243621810905,0
1833,18.5,-5.1975987993997,0
1834,37.39,-9.429714857428714,0
1835,45.0,3.4167083541770875,1
1836,37.56,7.788894447223612,0
1837,31.26,5.387693846923462,0
1838,51.55,0.7753876938469233,1
1839,47.88,0.8454227113556776,1
1840,23.44,-4.917458729364682,0
1841,45.67,6.598299149574785,0
1842,43.3,-3.9069534767383693,0
1843,39.98,-5.827913956978489,0
1844,53.32,-6.928464232116058,0
1845,21.21,-9.299649824912457,0
1846,54.73,7.318659329664833,1
1847,23.55,-6.248124062031016,0
1848,26.82,7.378689344672335,0
1849,18.46,4.037018509254628,0
1850,52.27,4.127063531765883,1
1851,27.73,7.518759379689843,0
1852,42.6,4.567283641820911,1
1853,31.13,-6.5482741370685345,0
1854,55.9,2.1560780390195102,1
1855,55.55,2.516258129064532,1
1856,30.5,4.817408704352175,0
1857,18.15,-0.6053026513256636,0
1858,30.9,-0.30515257628814396,0
1859,49.41,4.587293646823412,1
1860,46.39,3.2366183091545775,1
1861,39.47,-9.259629814907454,0
1862,34.33,-2.2561280640320165,0
1863,29.58,0.5552776388194101,1
1864,25.79,3.9369684842421204,0
1865,42.69,-9.03951975987994,0
1866,32.2,2.6863431715857917,0
1867,31.51,0.8954477238619312,1
1868,20.37,3.3866933466733364,0
1869,25.16,0.3651825912956479,1
1870,56.37,0.9254627313656822,1
1871,28.53,4.317158579289645,0
1872,43.13,3.2866433216608293,1
1873,41.47,8.479239619809903,0
1874,43.07,8.029014507253628,0
1875,57.9,7.10855427713857,1
1876,34.51,4.157078539269634,0
1877,24.83,-5.67783891945973,0
1878,20.14,-9.439719859929966,0
1879,22.29,7.168584292146072,0
1880,47.23,-7.668834417208604,0
1881,58.09,4.067033516758379,1
1882,42.48,5.847923961980991,0
1883,51.11,-8.829414707353678,0
1884,51.78,9.269634817408704,0
1885,56.13,0.03501750875437715,1
1886,28.88,-8.679339669834917,0
1887,36.83,3.1365682841420703,1
1888,38.11,-3.4267133566783397,0
1889,18.61,-1.105552776388194,0
1890,46.97,5.077538769384692,1
1891,27.83,-5.317658829414707,0
1892,46.34,-0.8054027013506762,0
1893,49.24,-7.948974487243621,0
1894,19.2,-3.1165582791395696,0
1895,21.53,2.5362681340670328,0
1896,27.71,8.379189594797399,0
1897,53.82,-8.059029514757379,0
1898,20.31,-4.017008504252126,0
1899,28.95,9.289644822411205,0
1900,52.12,-5.277638819409705,0
1901,46.18,5.097548774387192,1
1902,24.77,-9.139569784892446,0
1903,35.88,0.3451725862931454,1
1904,34.22,1.1155577788894444,1
1905,20.75,9.369684842421211,0
1906,50.27,7.498749374687343,0
1907,22.1,-1.5457728864432223,0
1908,34.24,-4.327163581790896,0
1909,21.95,-5.99799899949975,0
1910,57.56,-3.006503251625813,0
1911,39.75,-0.16508254127063537,0
1912,46.41,6.078039019509756,0
1913,58.63,7.868934467233615,1
1914,25.27,5.857928964482241,0
1915,32.01,2.1960980490245117,1
1916,19.11,-7.738869434717358,0
1917,56.01,7.028514257128563,1
1918,43.7,-7.74887443721861,0
1919,46.89,-6.118059029514757,0
1920,22.94,1.8859429714857434,0
1921,28.23,2.6263131565782896,0
1922,27.35,3.9069534767383693,0
1923,53.36,5.537768884442221,1
1924,25.12,5.257628814407203,0
1925,20.1,4.847423711855928,0
1926,59.56,8.009004502251123,1
1927,58.84,-0.7653826913456729,0
1928,41.76,2.856428214107053,1
1929,21.8,2.666333166583291,0
1930,53.95,-8.569284642321161,0
1931,57.23,5.337668834417208,1
1932,58.68,5.967983991995997,1
1933,43.61,9.109554777388695,0
1934,57.33,1.3056528264132066,1
1935,55.42,-7.478739369684842,0
1936,29.91,-5.887943971985993,0
1937,28.97,0.7653826913456729,1
1938,34.47,9.909954977488745,0
1939,58.17,1.655827913956978,1
1940,55.08,-9.779889944972487,0
1941,20.16,6.528264132066031,0
1942,59.03,-8.349174587293646,0
1943,34.79,-0.9854927463731862,0
1944,32.04,-2.826413206603302,0
1945,42.04,-4.0970485242621315,0
1946,32.56,7.048524262131064,0
1947,43.19,1.9759879939969984,1
1948,57.25,1.0855427713856933,1
1949,53.84,3.096548274137069,1
1950,47.35,-9.959979989994997,0
1951,33.25,4.747373686843421,0
1952,22.5,2.876438219109554,0
1953,43.78,-7.508754377188595,0
1954,30.06,-0.9554777388694351,0
1955,24.95,-7.028514257128564,0
1956,25.73,-3.556778389194598,0
1957,41.83,-9.68984492246123,0
1958,50.21,-3.0265132566283146,0
1959,35.69,-2.9064532266133067,0
1960,53.3,-1.4057028514257137,0
1961,49.79,-0.8354177088544272,0
1962,30.69,9.719859929964983,0
1963,21.74,-3.2666333166583295,0
1964,42.94,1.0455227613806901,1
1965,47.5,3.0565282641320657,1
1966,57.02,-2.266133066533267,0
1967,51.91,-3.1065532766383193,0
1968,40.0,2.116058029014507,1
1969,35.29,-1.9959979989994991,0
1970,36.15,-2.0360180090045024,0
1971,23.71,-8.549274637318659,0
1972,22.79,6.758379189594798,0
1973,35.46,8.809404702351173,0
1974,54.01,3.836918459229615,1
1975,49.81,2.236118059029515,1
1976,44.52,3.776888444222111,1
1977,39.72,-7.428714357178589,0
1978,24.35,-8.849424712356178,0
1979,38.3,0.9754877438719358,1
1980,33.95,-7.078539269634817,0
1981,38.74,1.4957478739369687,1
1982,23.46,7.118559279639818,0
1983,47.62,-0.23511755877938967,0
1984,37.27,2.2161080540270124,1
1985,42.06,-6.3681840920460235,0
1986,45.31,1.9859929964982488,1
1987,56.45,-6.578289144572286,0
1988,33.55,6.8284142071035525,0
1989,24.72,3.3666833416708357,0
1990,51.01,-6.8284142071035525,0
1991,50.02,9.06953476738369,0
1992,41.24,-3.9169584792396197,0
1993,24.56,7.058529264632316,0
1994,24.66,1.2656328164082034,1
1995,35.19,-0.06503251625813,0
1996,48.59,-4.037018509254628,0
1997,41.85,-0.6553276638319154,0
1998,48.8,-1.7558779389694852,0
1999,23.8,5.83791895947974,0
